{
  "model": {
    "type": "minecraft:select",
    "property": "minecraft:component",
    "component": "minecraft:item_name",
    "cases": [
      {
        "when": {
          "translate": "filled_map.mansion"
        },
        "model": {
          "type": "minecraft:model",
          "model": "minecraft:item/filled_map/mansion",
          "tints": [
            {
              "type": "minecraft:constant",
              "value": -1
            },
            {
              "type": "minecraft:map_color",
              "default": 4603950
            }
          ]
        }
      },
      {
        "when": {
          "translate": "filled_map.monument"
        },
        "model": {
          "type": "minecraft:model",
          "model": "minecraft:item/filled_map/monument",
          "tints": [
            {
              "type": "minecraft:constant",
              "value": -1
            },
            {
              "type": "minecraft:map_color",
              "default": 4603950
            }
          ]
        }
      },
      {
        "when": {
          "translate": "filled_map.explorer_jungle"
        },
        "model": {
          "type": "minecraft:model",
          "model": "minecraft:item/filled_map/explorer_jungle",
          "tints": [
            {
              "type": "minecraft:constant",
              "value": -1
            },
            {
              "type": "minecraft:map_color",
              "default": 4603950
            }
          ]
        }
      },
      {
        "when": {
          "translate": "filled_map.trial_chambers"
        },
        "model": {
          "type": "minecraft:model",
          "model": "minecraft:item/filled_map/trial_chambers",
          "tints": [
            {
              "type": "minecraft:constant",
              "value": -1
            },
            {
              "type": "minecraft:map_color",
              "default": 4603950
            }
          ]
        }
      },
      {
        "when": {
          "translate": "filled_map.village_taiga"
        },
        "model": {
          "type": "minecraft:model",
          "model": "minecraft:item/filled_map/village_taiga",
          "tints": [
            {
              "type": "minecraft:constant",
              "value": -1
            },
            {
              "type": "minecraft:map_color",
              "default": 4603950
            }
          ]
        }
      },
      {
        "when": {
          "translate": "filled_map.village_snowy"
        },
        "model": {
          "type": "minecraft:model",
          "model": "minecraft:item/filled_map/village_snowy",
          "tints": [
            {
              "type": "minecraft:constant",
              "value": -1
            },
            {
              "type": "minecraft:map_color",
              "default": 4603950
            }
          ]
        }
      },
      {
        "when": {
          "translate": "filled_map.explorer_swamp"
        },
        "model": {
          "type": "minecraft:model",
          "model": "minecraft:item/filled_map/explorer_swamp",
          "tints": [
            {
              "type": "minecraft:constant",
              "value": -1
            },
            {
              "type": "minecraft:map_color",
              "default": 4603950
            }
          ]
        }
      },
      {
        "when": {
          "translate": "filled_map.village_desert"
        },
        "model": {
          "type": "minecraft:model",
          "model": "minecraft:item/filled_map/village_desert",
          "tints": [
            {
              "type": "minecraft:constant",
              "value": -1
            },
            {
              "type": "minecraft:map_color",
              "default": 4603950
            }
          ]
        }
      },
      {
        "when": {
          "translate": "filled_map.village_plains"
        },
        "model": {
          "type": "minecraft:model",
          "model": "minecraft:item/filled_map/village_plains",
          "tints": [
            {
              "type": "minecraft:constant",
              "value": -1
            },
            {
              "type": "minecraft:map_color",
              "default": 4603950
            }
          ]
        }
      },
      {
        "when": {
          "translate": "filled_map.village_savanna"
        },
        "model": {
          "type": "minecraft:model",
          "model": "minecraft:item/filled_map/village_savanna",
          "tints": [
            {
              "type": "minecraft:constant",
              "value": -1
            },
            {
              "type": "minecraft:map_color",
              "default": 4603950
            }
          ]
        }
      },
      {
        "when": {
          "translate": "filled_map.buried_treasure"
        },
        "model": {
          "type": "minecraft:model",
          "model": "minecraft:item/filled_map/buried_treasure",
          "tints": [
            {
              "type": "minecraft:constant",
              "value": -1
            },
            {
              "type": "minecraft:map_color",
              "default": 4603950
            }
          ]
        }
      }
    ],
    "fallback": {
      "type": "minecraft:model",
      "model": "minecraft:item/filled_map",
      "tints": [
        {
          "type": "minecraft:constant",
          "value": -1
        },
        {
          "type": "minecraft:map_color",
          "default": 4603950
        }
      ]
    }
  }
}
