{
  "model": {
    "type": "minecraft:select",
    "property": "minecraft:component",
    "component": "minecraft:entity_data",
    "cases": [
      {
        "when": "{id:'minecraft:goat'}",
        "model": {
          "type": "minecraft:model",
          "model": "minecraft:item/goat_spawn_egg/screaming_unset/left_unset/right_unset"
        }
      },
      {
        "when": "{id:'minecraft:goat',IsScreamingGoat:false}",
        "model": {
          "type": "minecraft:model",
          "model": "minecraft:item/goat_spawn_egg/screaming_false/left_unset/right_unset"
        }
      },
      {
        "when": "{id:'minecraft:goat',IsScreamingGoat:true}",
        "model": {
          "type": "minecraft:model",
          "model": "minecraft:item/goat_spawn_egg/screaming_true/left_unset/right_unset"
        }
      },
      {
        "when": "{id:'minecraft:goat',HasLeftHorn:false}",
        "model": {
          "type": "minecraft:model",
          "model": "minecraft:item/goat_spawn_egg/screaming_unset/left_false/right_unset"
        }
      },
      {
        "when": "{id:'minecraft:goat',IsScreamingGoat:false,HasLeftHorn:false}",
        "model": {
          "type": "minecraft:model",
          "model": "minecraft:item/goat_spawn_egg/screaming_false/left_false/right_unset"
        }
      },
      {
        "when": "{id:'minecraft:goat',IsScreamingGoat:true,HasLeftHorn:false}",
        "model": {
          "type": "minecraft:model",
          "model": "minecraft:item/goat_spawn_egg/screaming_true/left_false/right_unset"
        }
      },
      {
        "when": "{id:'minecraft:goat',HasLeftHorn:true}",
        "model": {
          "type": "minecraft:model",
          "model": "minecraft:item/goat_spawn_egg/screaming_unset/left_true/right_unset"
        }
      },
      {
        "when": "{id:'minecraft:goat',IsScreamingGoat:false,HasLeftHorn:true}",
        "model": {
          "type": "minecraft:model",
          "model": "minecraft:item/goat_spawn_egg/screaming_false/left_true/right_unset"
        }
      },
      {
        "when": "{id:'minecraft:goat',IsScreamingGoat:true,HasLeftHorn:true}",
        "model": {
          "type": "minecraft:model",
          "model": "minecraft:item/goat_spawn_egg/screaming_true/left_true/right_unset"
        }
      },{
        "when": "{id:'minecraft:goat',HasRightHorn:false}",
        "model": {
          "type": "minecraft:model",
          "model": "minecraft:item/goat_spawn_egg/screaming_unset/left_unset/right_false"
        }
      },
      {
        "when": "{id:'minecraft:goat',IsScreamingGoat:false,HasRightHorn:false}",
        "model": {
          "type": "minecraft:model",
          "model": "minecraft:item/goat_spawn_egg/screaming_false/left_unset/right_false"
        }
      },
      {
        "when": "{id:'minecraft:goat',IsScreamingGoat:true,HasRightHorn:false}",
        "model": {
          "type": "minecraft:model",
          "model": "minecraft:item/goat_spawn_egg/screaming_true/left_unset/right_false"
        }
      },
      {
        "when": "{id:'minecraft:goat',HasLeftHorn:false,HasRightHorn:false}",
        "model": {
          "type": "minecraft:model",
          "model": "minecraft:item/goat_spawn_egg/screaming_unset/left_false/right_false"
        }
      },
      {
        "when": "{id:'minecraft:goat',IsScreamingGoat:false,HasLeftHorn:false,HasRightHorn:false}",
        "model": {
          "type": "minecraft:model",
          "model": "minecraft:item/goat_spawn_egg/screaming_false/left_false/right_false"
        }
      },
      {
        "when": "{id:'minecraft:goat',IsScreamingGoat:true,HasLeftHorn:false,HasRightHorn:false}",
        "model": {
          "type": "minecraft:model",
          "model": "minecraft:item/goat_spawn_egg/screaming_true/left_false/right_false"
        }
      },
      {
        "when": "{id:'minecraft:goat',HasLeftHorn:true,HasRightHorn:false}",
        "model": {
          "type": "minecraft:model",
          "model": "minecraft:item/goat_spawn_egg/screaming_unset/left_true/right_false"
        }
      },
      {
        "when": "{id:'minecraft:goat',IsScreamingGoat:false,HasLeftHorn:true,HasRightHorn:false}",
        "model": {
          "type": "minecraft:model",
          "model": "minecraft:item/goat_spawn_egg/screaming_false/left_true/right_false"
        }
      },
      {
        "when": "{id:'minecraft:goat',IsScreamingGoat:true,HasLeftHorn:true,HasRightHorn:false}",
        "model": {
          "type": "minecraft:model",
          "model": "minecraft:item/goat_spawn_egg/screaming_true/left_true/right_false"
        }
      },{
        "when": "{id:'minecraft:goat',HasRightHorn:true}",
        "model": {
          "type": "minecraft:model",
          "model": "minecraft:item/goat_spawn_egg/screaming_unset/left_unset/right_true"
        }
      },
      {
        "when": "{id:'minecraft:goat',IsScreamingGoat:false,HasRightHorn:true}",
        "model": {
          "type": "minecraft:model",
          "model": "minecraft:item/goat_spawn_egg/screaming_false/left_unset/right_true"
        }
      },
      {
        "when": "{id:'minecraft:goat',IsScreamingGoat:true,HasRightHorn:true}",
        "model": {
          "type": "minecraft:model",
          "model": "minecraft:item/goat_spawn_egg/screaming_true/left_unset/right_true"
        }
      },
      {
        "when": "{id:'minecraft:goat',HasLeftHorn:false,HasRightHorn:true}",
        "model": {
          "type": "minecraft:model",
          "model": "minecraft:item/goat_spawn_egg/screaming_unset/left_false/right_true"
        }
      },
      {
        "when": "{id:'minecraft:goat',IsScreamingGoat:false,HasLeftHorn:false,HasRightHorn:true}",
        "model": {
          "type": "minecraft:model",
          "model": "minecraft:item/goat_spawn_egg/screaming_false/left_false/right_true"
        }
      },
      {
        "when": "{id:'minecraft:goat',IsScreamingGoat:true,HasLeftHorn:false,HasRightHorn:true}",
        "model": {
          "type": "minecraft:model",
          "model": "minecraft:item/goat_spawn_egg/screaming_true/left_false/right_true"
        }
      },
      {
        "when": "{id:'minecraft:goat',HasLeftHorn:true,HasRightHorn:true}",
        "model": {
          "type": "minecraft:model",
          "model": "minecraft:item/goat_spawn_egg/screaming_unset/left_true/right_true"
        }
      },
      {
        "when": "{id:'minecraft:goat',IsScreamingGoat:false,HasLeftHorn:true,HasRightHorn:true}",
        "model": {
          "type": "minecraft:model",
          "model": "minecraft:item/goat_spawn_egg/screaming_false/left_true/right_true"
        }
      },
      {
        "when": "{id:'minecraft:goat',IsScreamingGoat:true,HasLeftHorn:true,HasRightHorn:true}",
        "model": {
          "type": "minecraft:model",
          "model": "minecraft:item/goat_spawn_egg/screaming_true/left_true/right_true"
        }
      }
    ],
    "fallback": {
      "type": "minecraft:condition",
      "property": "minecraft:extended_view",
      "on_true": {
        "type": "minecraft:model",
        "model": "minecraft:item/goat_spawn_egg_extended"
      },
      "on_false": {
        "type": "minecraft:model",
        "model": "minecraft:item/goat_spawn_egg"
      }
    }
  }
}
