{
  "model": {
    "type": "minecraft:select",
    "property": "minecraft:component",
    "component": "minecraft:entity_data",
    "cases": [
      {
        "when": "{id:'minecraft:magma_cube',Size:0b}",
        "model": {
          "type": "minecraft:model",
          "model": "minecraft:item/magma_cube_spawn_egg/size/0"
        }
      },
      {
        "when": "{id:'minecraft:magma_cube',Size:1b}",
        "model": {
          "type": "minecraft:model",
          "model": "minecraft:item/magma_cube_spawn_egg/size/1"
        }
      },
      {
        "when": "{id:'minecraft:magma_cube',Size:2b}",
        "model": {
          "type": "minecraft:model",
          "model": "minecraft:item/magma_cube_spawn_egg/size/2"
        }
      },
      {
        "when": "{id:'minecraft:magma_cube',Size:3b}",
        "model": {
          "type": "minecraft:model",
          "model": "minecraft:item/magma_cube_spawn_egg/size/3"
        }
      },
      {
        "when": "{id:'minecraft:magma_cube',Size:4b}",
        "model": {
          "type": "minecraft:model",
          "model": "minecraft:item/magma_cube_spawn_egg/size"
        }
      },
      {
        "when": "{id:'minecraft:magma_cube',Size:5b}",
        "model": {
          "type": "minecraft:model",
          "model": "minecraft:item/magma_cube_spawn_egg/size"
        }
      },
      {
        "when": "{id:'minecraft:magma_cube',Size:6b}",
        "model": {
          "type": "minecraft:model",
          "model": "minecraft:item/magma_cube_spawn_egg/size"
        }
      },
      {
        "when": "{id:'minecraft:magma_cube',Size:7b}",
        "model": {
          "type": "minecraft:model",
          "model": "minecraft:item/magma_cube_spawn_egg/size"
        }
      },
      {
        "when": "{id:'minecraft:magma_cube',Size:8b}",
        "model": {
          "type": "minecraft:model",
          "model": "minecraft:item/magma_cube_spawn_egg/size"
        }
      },
      {
        "when": "{id:'minecraft:magma_cube',Size:9b}",
        "model": {
          "type": "minecraft:model",
          "model": "minecraft:item/magma_cube_spawn_egg/size"
        }
      },
      {
        "when": "{id:'minecraft:magma_cube',Size:10b}",
        "model": {
          "type": "minecraft:model",
          "model": "minecraft:item/magma_cube_spawn_egg/size"
        }
      },
      {
        "when": "{id:'minecraft:magma_cube',Size:11b}",
        "model": {
          "type": "minecraft:model",
          "model": "minecraft:item/magma_cube_spawn_egg/size"
        }
      },
      {
        "when": "{id:'minecraft:magma_cube',Size:12b}",
        "model": {
          "type": "minecraft:model",
          "model": "minecraft:item/magma_cube_spawn_egg/size"
        }
      },
      {
        "when": "{id:'minecraft:magma_cube',Size:13b}",
        "model": {
          "type": "minecraft:model",
          "model": "minecraft:item/magma_cube_spawn_egg/size"
        }
      },
      {
        "when": "{id:'minecraft:magma_cube',Size:14b}",
        "model": {
          "type": "minecraft:model",
          "model": "minecraft:item/magma_cube_spawn_egg/size"
        }
      },
      {
        "when": "{id:'minecraft:magma_cube',Size:15b}",
        "model": {
          "type": "minecraft:model",
          "model": "minecraft:item/magma_cube_spawn_egg/size"
        }
      },
      {
        "when": "{id:'minecraft:magma_cube',Size:16b}",
        "model": {
          "type": "minecraft:model",
          "model": "minecraft:item/magma_cube_spawn_egg/size"
        }
      },
      {
        "when": "{id:'minecraft:magma_cube',Size:17b}",
        "model": {
          "type": "minecraft:model",
          "model": "minecraft:item/magma_cube_spawn_egg/size"
        }
      },
      {
        "when": "{id:'minecraft:magma_cube',Size:18b}",
        "model": {
          "type": "minecraft:model",
          "model": "minecraft:item/magma_cube_spawn_egg/size"
        }
      },
      {
        "when": "{id:'minecraft:magma_cube',Size:19b}",
        "model": {
          "type": "minecraft:model",
          "model": "minecraft:item/magma_cube_spawn_egg/size"
        }
      },
      {
        "when": "{id:'minecraft:magma_cube',Size:20b}",
        "model": {
          "type": "minecraft:model",
          "model": "minecraft:item/magma_cube_spawn_egg/size"
        }
      },
      {
        "when": "{id:'minecraft:magma_cube',Size:21b}",
        "model": {
          "type": "minecraft:model",
          "model": "minecraft:item/magma_cube_spawn_egg/size"
        }
      },
      {
        "when": "{id:'minecraft:magma_cube',Size:22b}",
        "model": {
          "type": "minecraft:model",
          "model": "minecraft:item/magma_cube_spawn_egg/size"
        }
      },
      {
        "when": "{id:'minecraft:magma_cube',Size:23b}",
        "model": {
          "type": "minecraft:model",
          "model": "minecraft:item/magma_cube_spawn_egg/size"
        }
      },
      {
        "when": "{id:'minecraft:magma_cube',Size:24b}",
        "model": {
          "type": "minecraft:model",
          "model": "minecraft:item/magma_cube_spawn_egg/size"
        }
      },
      {
        "when": "{id:'minecraft:magma_cube',Size:25b}",
        "model": {
          "type": "minecraft:model",
          "model": "minecraft:item/magma_cube_spawn_egg/size"
        }
      },
      {
        "when": "{id:'minecraft:magma_cube',Size:26b}",
        "model": {
          "type": "minecraft:model",
          "model": "minecraft:item/magma_cube_spawn_egg/size"
        }
      },
      {
        "when": "{id:'minecraft:magma_cube',Size:27b}",
        "model": {
          "type": "minecraft:model",
          "model": "minecraft:item/magma_cube_spawn_egg/size"
        }
      },
      {
        "when": "{id:'minecraft:magma_cube',Size:28b}",
        "model": {
          "type": "minecraft:model",
          "model": "minecraft:item/magma_cube_spawn_egg/size"
        }
      },
      {
        "when": "{id:'minecraft:magma_cube',Size:29b}",
        "model": {
          "type": "minecraft:model",
          "model": "minecraft:item/magma_cube_spawn_egg/size"
        }
      },
      {
        "when": "{id:'minecraft:magma_cube',Size:30b}",
        "model": {
          "type": "minecraft:model",
          "model": "minecraft:item/magma_cube_spawn_egg/size"
        }
      },
      {
        "when": "{id:'minecraft:magma_cube',Size:31b}",
        "model": {
          "type": "minecraft:model",
          "model": "minecraft:item/magma_cube_spawn_egg/size"
        }
      },
      {
        "when": "{id:'minecraft:magma_cube',Size:32b}",
        "model": {
          "type": "minecraft:model",
          "model": "minecraft:item/magma_cube_spawn_egg/size"
        }
      },
      {
        "when": "{id:'minecraft:magma_cube',Size:33b}",
        "model": {
          "type": "minecraft:model",
          "model": "minecraft:item/magma_cube_spawn_egg/size"
        }
      },
      {
        "when": "{id:'minecraft:magma_cube',Size:34b}",
        "model": {
          "type": "minecraft:model",
          "model": "minecraft:item/magma_cube_spawn_egg/size"
        }
      },
      {
        "when": "{id:'minecraft:magma_cube',Size:35b}",
        "model": {
          "type": "minecraft:model",
          "model": "minecraft:item/magma_cube_spawn_egg/size"
        }
      },
      {
        "when": "{id:'minecraft:magma_cube',Size:36b}",
        "model": {
          "type": "minecraft:model",
          "model": "minecraft:item/magma_cube_spawn_egg/size"
        }
      },
      {
        "when": "{id:'minecraft:magma_cube',Size:37b}",
        "model": {
          "type": "minecraft:model",
          "model": "minecraft:item/magma_cube_spawn_egg/size"
        }
      },
      {
        "when": "{id:'minecraft:magma_cube',Size:38b}",
        "model": {
          "type": "minecraft:model",
          "model": "minecraft:item/magma_cube_spawn_egg/size"
        }
      },
      {
        "when": "{id:'minecraft:magma_cube',Size:39b}",
        "model": {
          "type": "minecraft:model",
          "model": "minecraft:item/magma_cube_spawn_egg/size"
        }
      },
      {
        "when": "{id:'minecraft:magma_cube',Size:40b}",
        "model": {
          "type": "minecraft:model",
          "model": "minecraft:item/magma_cube_spawn_egg/size"
        }
      },
      {
        "when": "{id:'minecraft:magma_cube',Size:41b}",
        "model": {
          "type": "minecraft:model",
          "model": "minecraft:item/magma_cube_spawn_egg/size"
        }
      },
      {
        "when": "{id:'minecraft:magma_cube',Size:42b}",
        "model": {
          "type": "minecraft:model",
          "model": "minecraft:item/magma_cube_spawn_egg/size"
        }
      },
      {
        "when": "{id:'minecraft:magma_cube',Size:43b}",
        "model": {
          "type": "minecraft:model",
          "model": "minecraft:item/magma_cube_spawn_egg/size"
        }
      },
      {
        "when": "{id:'minecraft:magma_cube',Size:44b}",
        "model": {
          "type": "minecraft:model",
          "model": "minecraft:item/magma_cube_spawn_egg/size"
        }
      },
      {
        "when": "{id:'minecraft:magma_cube',Size:45b}",
        "model": {
          "type": "minecraft:model",
          "model": "minecraft:item/magma_cube_spawn_egg/size"
        }
      },
      {
        "when": "{id:'minecraft:magma_cube',Size:46b}",
        "model": {
          "type": "minecraft:model",
          "model": "minecraft:item/magma_cube_spawn_egg/size"
        }
      },
      {
        "when": "{id:'minecraft:magma_cube',Size:47b}",
        "model": {
          "type": "minecraft:model",
          "model": "minecraft:item/magma_cube_spawn_egg/size"
        }
      },
      {
        "when": "{id:'minecraft:magma_cube',Size:48b}",
        "model": {
          "type": "minecraft:model",
          "model": "minecraft:item/magma_cube_spawn_egg/size"
        }
      },
      {
        "when": "{id:'minecraft:magma_cube',Size:49b}",
        "model": {
          "type": "minecraft:model",
          "model": "minecraft:item/magma_cube_spawn_egg/size"
        }
      },
      {
        "when": "{id:'minecraft:magma_cube',Size:50b}",
        "model": {
          "type": "minecraft:model",
          "model": "minecraft:item/magma_cube_spawn_egg/size"
        }
      },
      {
        "when": "{id:'minecraft:magma_cube',Size:51b}",
        "model": {
          "type": "minecraft:model",
          "model": "minecraft:item/magma_cube_spawn_egg/size"
        }
      },
      {
        "when": "{id:'minecraft:magma_cube',Size:52b}",
        "model": {
          "type": "minecraft:model",
          "model": "minecraft:item/magma_cube_spawn_egg/size"
        }
      },
      {
        "when": "{id:'minecraft:magma_cube',Size:53b}",
        "model": {
          "type": "minecraft:model",
          "model": "minecraft:item/magma_cube_spawn_egg/size"
        }
      },
      {
        "when": "{id:'minecraft:magma_cube',Size:54b}",
        "model": {
          "type": "minecraft:model",
          "model": "minecraft:item/magma_cube_spawn_egg/size"
        }
      },
      {
        "when": "{id:'minecraft:magma_cube',Size:55b}",
        "model": {
          "type": "minecraft:model",
          "model": "minecraft:item/magma_cube_spawn_egg/size"
        }
      },
      {
        "when": "{id:'minecraft:magma_cube',Size:56b}",
        "model": {
          "type": "minecraft:model",
          "model": "minecraft:item/magma_cube_spawn_egg/size"
        }
      },
      {
        "when": "{id:'minecraft:magma_cube',Size:57b}",
        "model": {
          "type": "minecraft:model",
          "model": "minecraft:item/magma_cube_spawn_egg/size"
        }
      },
      {
        "when": "{id:'minecraft:magma_cube',Size:58b}",
        "model": {
          "type": "minecraft:model",
          "model": "minecraft:item/magma_cube_spawn_egg/size"
        }
      },
      {
        "when": "{id:'minecraft:magma_cube',Size:59b}",
        "model": {
          "type": "minecraft:model",
          "model": "minecraft:item/magma_cube_spawn_egg/size"
        }
      },
      {
        "when": "{id:'minecraft:magma_cube',Size:60b}",
        "model": {
          "type": "minecraft:model",
          "model": "minecraft:item/magma_cube_spawn_egg/size"
        }
      },
      {
        "when": "{id:'minecraft:magma_cube',Size:61b}",
        "model": {
          "type": "minecraft:model",
          "model": "minecraft:item/magma_cube_spawn_egg/size"
        }
      },
      {
        "when": "{id:'minecraft:magma_cube',Size:62b}",
        "model": {
          "type": "minecraft:model",
          "model": "minecraft:item/magma_cube_spawn_egg/size"
        }
      },
      {
        "when": "{id:'minecraft:magma_cube',Size:63b}",
        "model": {
          "type": "minecraft:model",
          "model": "minecraft:item/magma_cube_spawn_egg/size"
        }
      },
      {
        "when": "{id:'minecraft:magma_cube',Size:64b}",
        "model": {
          "type": "minecraft:model",
          "model": "minecraft:item/magma_cube_spawn_egg/size"
        }
      },
      {
        "when": "{id:'minecraft:magma_cube',Size:65b}",
        "model": {
          "type": "minecraft:model",
          "model": "minecraft:item/magma_cube_spawn_egg/size"
        }
      },
      {
        "when": "{id:'minecraft:magma_cube',Size:66b}",
        "model": {
          "type": "minecraft:model",
          "model": "minecraft:item/magma_cube_spawn_egg/size"
        }
      },
      {
        "when": "{id:'minecraft:magma_cube',Size:67b}",
        "model": {
          "type": "minecraft:model",
          "model": "minecraft:item/magma_cube_spawn_egg/size"
        }
      },
      {
        "when": "{id:'minecraft:magma_cube',Size:68b}",
        "model": {
          "type": "minecraft:model",
          "model": "minecraft:item/magma_cube_spawn_egg/size"
        }
      },
      {
        "when": "{id:'minecraft:magma_cube',Size:69b}",
        "model": {
          "type": "minecraft:model",
          "model": "minecraft:item/magma_cube_spawn_egg/size"
        }
      },
      {
        "when": "{id:'minecraft:magma_cube',Size:70b}",
        "model": {
          "type": "minecraft:model",
          "model": "minecraft:item/magma_cube_spawn_egg/size"
        }
      },
      {
        "when": "{id:'minecraft:magma_cube',Size:71b}",
        "model": {
          "type": "minecraft:model",
          "model": "minecraft:item/magma_cube_spawn_egg/size"
        }
      },
      {
        "when": "{id:'minecraft:magma_cube',Size:72b}",
        "model": {
          "type": "minecraft:model",
          "model": "minecraft:item/magma_cube_spawn_egg/size"
        }
      },
      {
        "when": "{id:'minecraft:magma_cube',Size:73b}",
        "model": {
          "type": "minecraft:model",
          "model": "minecraft:item/magma_cube_spawn_egg/size"
        }
      },
      {
        "when": "{id:'minecraft:magma_cube',Size:74b}",
        "model": {
          "type": "minecraft:model",
          "model": "minecraft:item/magma_cube_spawn_egg/size"
        }
      },
      {
        "when": "{id:'minecraft:magma_cube',Size:75b}",
        "model": {
          "type": "minecraft:model",
          "model": "minecraft:item/magma_cube_spawn_egg/size"
        }
      },
      {
        "when": "{id:'minecraft:magma_cube',Size:76b}",
        "model": {
          "type": "minecraft:model",
          "model": "minecraft:item/magma_cube_spawn_egg/size"
        }
      },
      {
        "when": "{id:'minecraft:magma_cube',Size:77b}",
        "model": {
          "type": "minecraft:model",
          "model": "minecraft:item/magma_cube_spawn_egg/size"
        }
      },
      {
        "when": "{id:'minecraft:magma_cube',Size:78b}",
        "model": {
          "type": "minecraft:model",
          "model": "minecraft:item/magma_cube_spawn_egg/size"
        }
      },
      {
        "when": "{id:'minecraft:magma_cube',Size:79b}",
        "model": {
          "type": "minecraft:model",
          "model": "minecraft:item/magma_cube_spawn_egg/size"
        }
      },
      {
        "when": "{id:'minecraft:magma_cube',Size:80b}",
        "model": {
          "type": "minecraft:model",
          "model": "minecraft:item/magma_cube_spawn_egg/size"
        }
      },
      {
        "when": "{id:'minecraft:magma_cube',Size:81b}",
        "model": {
          "type": "minecraft:model",
          "model": "minecraft:item/magma_cube_spawn_egg/size"
        }
      },
      {
        "when": "{id:'minecraft:magma_cube',Size:82b}",
        "model": {
          "type": "minecraft:model",
          "model": "minecraft:item/magma_cube_spawn_egg/size"
        }
      },
      {
        "when": "{id:'minecraft:magma_cube',Size:83b}",
        "model": {
          "type": "minecraft:model",
          "model": "minecraft:item/magma_cube_spawn_egg/size"
        }
      },
      {
        "when": "{id:'minecraft:magma_cube',Size:84b}",
        "model": {
          "type": "minecraft:model",
          "model": "minecraft:item/magma_cube_spawn_egg/size"
        }
      },
      {
        "when": "{id:'minecraft:magma_cube',Size:85b}",
        "model": {
          "type": "minecraft:model",
          "model": "minecraft:item/magma_cube_spawn_egg/size"
        }
      },
      {
        "when": "{id:'minecraft:magma_cube',Size:86b}",
        "model": {
          "type": "minecraft:model",
          "model": "minecraft:item/magma_cube_spawn_egg/size"
        }
      },
      {
        "when": "{id:'minecraft:magma_cube',Size:87b}",
        "model": {
          "type": "minecraft:model",
          "model": "minecraft:item/magma_cube_spawn_egg/size"
        }
      },
      {
        "when": "{id:'minecraft:magma_cube',Size:88b}",
        "model": {
          "type": "minecraft:model",
          "model": "minecraft:item/magma_cube_spawn_egg/size"
        }
      },
      {
        "when": "{id:'minecraft:magma_cube',Size:89b}",
        "model": {
          "type": "minecraft:model",
          "model": "minecraft:item/magma_cube_spawn_egg/size"
        }
      },
      {
        "when": "{id:'minecraft:magma_cube',Size:90b}",
        "model": {
          "type": "minecraft:model",
          "model": "minecraft:item/magma_cube_spawn_egg/size"
        }
      },
      {
        "when": "{id:'minecraft:magma_cube',Size:91b}",
        "model": {
          "type": "minecraft:model",
          "model": "minecraft:item/magma_cube_spawn_egg/size"
        }
      },
      {
        "when": "{id:'minecraft:magma_cube',Size:92b}",
        "model": {
          "type": "minecraft:model",
          "model": "minecraft:item/magma_cube_spawn_egg/size"
        }
      },
      {
        "when": "{id:'minecraft:magma_cube',Size:93b}",
        "model": {
          "type": "minecraft:model",
          "model": "minecraft:item/magma_cube_spawn_egg/size"
        }
      },
      {
        "when": "{id:'minecraft:magma_cube',Size:94b}",
        "model": {
          "type": "minecraft:model",
          "model": "minecraft:item/magma_cube_spawn_egg/size"
        }
      },
      {
        "when": "{id:'minecraft:magma_cube',Size:95b}",
        "model": {
          "type": "minecraft:model",
          "model": "minecraft:item/magma_cube_spawn_egg/size"
        }
      },
      {
        "when": "{id:'minecraft:magma_cube',Size:96b}",
        "model": {
          "type": "minecraft:model",
          "model": "minecraft:item/magma_cube_spawn_egg/size"
        }
      },
      {
        "when": "{id:'minecraft:magma_cube',Size:97b}",
        "model": {
          "type": "minecraft:model",
          "model": "minecraft:item/magma_cube_spawn_egg/size"
        }
      },
      {
        "when": "{id:'minecraft:magma_cube',Size:98b}",
        "model": {
          "type": "minecraft:model",
          "model": "minecraft:item/magma_cube_spawn_egg/size"
        }
      },
      {
        "when": "{id:'minecraft:magma_cube',Size:99b}",
        "model": {
          "type": "minecraft:model",
          "model": "minecraft:item/magma_cube_spawn_egg/size"
        }
      },
      {
        "when": "{id:'minecraft:magma_cube',Size:100b}",
        "model": {
          "type": "minecraft:model",
          "model": "minecraft:item/magma_cube_spawn_egg/size"
        }
      },
      {
        "when": "{id:'minecraft:magma_cube',Size:101b}",
        "model": {
          "type": "minecraft:model",
          "model": "minecraft:item/magma_cube_spawn_egg/size"
        }
      },
      {
        "when": "{id:'minecraft:magma_cube',Size:102b}",
        "model": {
          "type": "minecraft:model",
          "model": "minecraft:item/magma_cube_spawn_egg/size"
        }
      },
      {
        "when": "{id:'minecraft:magma_cube',Size:103b}",
        "model": {
          "type": "minecraft:model",
          "model": "minecraft:item/magma_cube_spawn_egg/size"
        }
      },
      {
        "when": "{id:'minecraft:magma_cube',Size:104b}",
        "model": {
          "type": "minecraft:model",
          "model": "minecraft:item/magma_cube_spawn_egg/size"
        }
      },
      {
        "when": "{id:'minecraft:magma_cube',Size:105b}",
        "model": {
          "type": "minecraft:model",
          "model": "minecraft:item/magma_cube_spawn_egg/size"
        }
      },
      {
        "when": "{id:'minecraft:magma_cube',Size:106b}",
        "model": {
          "type": "minecraft:model",
          "model": "minecraft:item/magma_cube_spawn_egg/size"
        }
      },
      {
        "when": "{id:'minecraft:magma_cube',Size:107b}",
        "model": {
          "type": "minecraft:model",
          "model": "minecraft:item/magma_cube_spawn_egg/size"
        }
      },
      {
        "when": "{id:'minecraft:magma_cube',Size:108b}",
        "model": {
          "type": "minecraft:model",
          "model": "minecraft:item/magma_cube_spawn_egg/size"
        }
      },
      {
        "when": "{id:'minecraft:magma_cube',Size:109b}",
        "model": {
          "type": "minecraft:model",
          "model": "minecraft:item/magma_cube_spawn_egg/size"
        }
      },
      {
        "when": "{id:'minecraft:magma_cube',Size:110b}",
        "model": {
          "type": "minecraft:model",
          "model": "minecraft:item/magma_cube_spawn_egg/size"
        }
      },
      {
        "when": "{id:'minecraft:magma_cube',Size:111b}",
        "model": {
          "type": "minecraft:model",
          "model": "minecraft:item/magma_cube_spawn_egg/size"
        }
      },
      {
        "when": "{id:'minecraft:magma_cube',Size:112b}",
        "model": {
          "type": "minecraft:model",
          "model": "minecraft:item/magma_cube_spawn_egg/size"
        }
      },
      {
        "when": "{id:'minecraft:magma_cube',Size:113b}",
        "model": {
          "type": "minecraft:model",
          "model": "minecraft:item/magma_cube_spawn_egg/size"
        }
      },
      {
        "when": "{id:'minecraft:magma_cube',Size:114b}",
        "model": {
          "type": "minecraft:model",
          "model": "minecraft:item/magma_cube_spawn_egg/size"
        }
      },
      {
        "when": "{id:'minecraft:magma_cube',Size:115b}",
        "model": {
          "type": "minecraft:model",
          "model": "minecraft:item/magma_cube_spawn_egg/size"
        }
      },
      {
        "when": "{id:'minecraft:magma_cube',Size:116b}",
        "model": {
          "type": "minecraft:model",
          "model": "minecraft:item/magma_cube_spawn_egg/size"
        }
      },
      {
        "when": "{id:'minecraft:magma_cube',Size:117b}",
        "model": {
          "type": "minecraft:model",
          "model": "minecraft:item/magma_cube_spawn_egg/size"
        }
      },
      {
        "when": "{id:'minecraft:magma_cube',Size:118b}",
        "model": {
          "type": "minecraft:model",
          "model": "minecraft:item/magma_cube_spawn_egg/size"
        }
      },
      {
        "when": "{id:'minecraft:magma_cube',Size:119b}",
        "model": {
          "type": "minecraft:model",
          "model": "minecraft:item/magma_cube_spawn_egg/size"
        }
      },
      {
        "when": "{id:'minecraft:magma_cube',Size:120b}",
        "model": {
          "type": "minecraft:model",
          "model": "minecraft:item/magma_cube_spawn_egg/size"
        }
      },
      {
        "when": "{id:'minecraft:magma_cube',Size:121b}",
        "model": {
          "type": "minecraft:model",
          "model": "minecraft:item/magma_cube_spawn_egg/size"
        }
      },
      {
        "when": "{id:'minecraft:magma_cube',Size:122b}",
        "model": {
          "type": "minecraft:model",
          "model": "minecraft:item/magma_cube_spawn_egg/size"
        }
      },
      {
        "when": "{id:'minecraft:magma_cube',Size:123b}",
        "model": {
          "type": "minecraft:model",
          "model": "minecraft:item/magma_cube_spawn_egg/size"
        }
      },
      {
        "when": "{id:'minecraft:magma_cube',Size:124b}",
        "model": {
          "type": "minecraft:model",
          "model": "minecraft:item/magma_cube_spawn_egg/size"
        }
      },
      {
        "when": "{id:'minecraft:magma_cube',Size:125b}",
        "model": {
          "type": "minecraft:model",
          "model": "minecraft:item/magma_cube_spawn_egg/size"
        }
      },
      {
        "when": "{id:'minecraft:magma_cube',Size:126b}",
        "model": {
          "type": "minecraft:model",
          "model": "minecraft:item/magma_cube_spawn_egg/size"
        }
      }
    ],
    "fallback": {
      "type": "minecraft:condition",
      "property": "minecraft:extended_view",
      "on_true": {
        "type": "minecraft:model",
        "model": "minecraft:item/magma_cube_spawn_egg_extended"
      },
      "on_false": {
        "type": "minecraft:model",
        "model": "minecraft:item/magma_cube_spawn_egg"
      }
    }
  }
}
