{
  "model": {
    "type": "minecraft:select",
    "property": "minecraft:component",
    "component": "minecraft:item_name",
    "cases": [
      {
        "when": {
          "translate": "filled_map.buried_treasure"
        },
        "model": {
          "type": "minecraft:model",
          "model": "minecraft:item/map/buried_treasure",
          "tints": [
            {
              "type": "minecraft:constant",
              "value": -1
            },
            {
              "type": "minecraft:map_color",
              "default": 4603950
            }
          ]
        }
      }
    ],
    "fallback": {
      "type": "minecraft:model",
      "model": "minecraft:item/map"
    }
  }
}
