{
  "model": {
    "type": "minecraft:condition",
    "property": "minecraft:has_component",
    "component": "minecraft:custom_name",
    "on_true": {
      "type": "minecraft:select",
      "property": "minecraft:component",
      "component": "minecraft:custom_name",
      "cases": [
        {
          "when": "Dinnerbone",
          "model": {
            "type": "minecraft:model",
            "model": "minecraft:item/name_tag/named/dinnerbone"
          }
        },
        {
          "when": "Grumm",
          "model": {
            "type": "minecraft:model",
            "model": "minecraft:item/name_tag/named/grumm"
          }
        },
        {
          "when": "jeb_",
          "model": {
            "type": "minecraft:model",
            "model": "minecraft:item/name_tag/named/jeb_"
          }
        },
        {
          "when": "Toast",
          "model": {
            "type": "minecraft:model",
            "model": "minecraft:item/name_tag/named/toast"
          }
        },
        {
          "when": "Johnny",
          "model": {
            "type": "minecraft:model",
            "model": "minecraft:item/name_tag/named/johnny"
          }
        }
      ],
      "fallback": {
        "type": "minecraft:model",
        "model": "minecraft:item/name_tag/named"
      }
    },
    "on_false": {
      "type": "minecraft:model",
      "model": "minecraft:item/name_tag/blank"
    }
  }
}
