{
  "model": {
    "type": "minecraft:select",
    "property": "minecraft:component",
    "component": "minecraft:salmon/size",
    "cases": [
      {
        "when": "small",
        "model": {
          "type": "minecraft:model",
          "model": "minecraft:item/salmon_spawn_egg/small"
        }
      },
      {
        "when": "medium",
        "model": {
          "type": "minecraft:model",
          "model": "minecraft:item/salmon_spawn_egg/medium"
        }
      },
      {
        "when": "large",
        "model": {
          "type": "minecraft:model",
          "model": "minecraft:item/salmon_spawn_egg/large"
        }
      }
    ],
    "fallback": {
      "type": "minecraft:condition",
      "property": "minecraft:extended_view",
      "on_true": {
        "type": "minecraft:model",
        "model": "minecraft:item/salmon_spawn_egg_extended"
      },
      "on_false": {
        "type": "minecraft:model",
        "model": "minecraft:item/salmon_spawn_egg"
      }
    }
  }
}
