{
  "model": {
    "type": "minecraft:select",
    "property": "minecraft:component",
    "component": "minecraft:entity_data",
    "cases": [
      {
        "when": "{id:'minecraft:slime',Size:0b}",
        "model": {
          "type": "minecraft:model",
          "model": "minecraft:item/slime_spawn_egg/size/0"
        }
      },
      {
        "when": "{id:'minecraft:slime',Size:1b}",
        "model": {
          "type": "minecraft:model",
          "model": "minecraft:item/slime_spawn_egg/size/1"
        }
      },
      {
        "when": "{id:'minecraft:slime',Size:2b}",
        "model": {
          "type": "minecraft:model",
          "model": "minecraft:item/slime_spawn_egg/size/2"
        }
      },
      {
        "when": "{id:'minecraft:slime',Size:3b}",
        "model": {
          "type": "minecraft:model",
          "model": "minecraft:item/slime_spawn_egg/size/3"
        }
      },
      {
        "when": "{id:'minecraft:slime',Size:4b}",
        "model": {
          "type": "minecraft:model",
          "model": "minecraft:item/slime_spawn_egg/size"
        }
      },
      {
        "when": "{id:'minecraft:slime',Size:5b}",
        "model": {
          "type": "minecraft:model",
          "model": "minecraft:item/slime_spawn_egg/size"
        }
      },
      {
        "when": "{id:'minecraft:slime',Size:6b}",
        "model": {
          "type": "minecraft:model",
          "model": "minecraft:item/slime_spawn_egg/size"
        }
      },
      {
        "when": "{id:'minecraft:slime',Size:7b}",
        "model": {
          "type": "minecraft:model",
          "model": "minecraft:item/slime_spawn_egg/size"
        }
      },
      {
        "when": "{id:'minecraft:slime',Size:8b}",
        "model": {
          "type": "minecraft:model",
          "model": "minecraft:item/slime_spawn_egg/size"
        }
      },
      {
        "when": "{id:'minecraft:slime',Size:9b}",
        "model": {
          "type": "minecraft:model",
          "model": "minecraft:item/slime_spawn_egg/size"
        }
      },
      {
        "when": "{id:'minecraft:slime',Size:10b}",
        "model": {
          "type": "minecraft:model",
          "model": "minecraft:item/slime_spawn_egg/size"
        }
      },
      {
        "when": "{id:'minecraft:slime',Size:11b}",
        "model": {
          "type": "minecraft:model",
          "model": "minecraft:item/slime_spawn_egg/size"
        }
      },
      {
        "when": "{id:'minecraft:slime',Size:12b}",
        "model": {
          "type": "minecraft:model",
          "model": "minecraft:item/slime_spawn_egg/size"
        }
      },
      {
        "when": "{id:'minecraft:slime',Size:13b}",
        "model": {
          "type": "minecraft:model",
          "model": "minecraft:item/slime_spawn_egg/size"
        }
      },
      {
        "when": "{id:'minecraft:slime',Size:14b}",
        "model": {
          "type": "minecraft:model",
          "model": "minecraft:item/slime_spawn_egg/size"
        }
      },
      {
        "when": "{id:'minecraft:slime',Size:15b}",
        "model": {
          "type": "minecraft:model",
          "model": "minecraft:item/slime_spawn_egg/size"
        }
      },
      {
        "when": "{id:'minecraft:slime',Size:16b}",
        "model": {
          "type": "minecraft:model",
          "model": "minecraft:item/slime_spawn_egg/size"
        }
      },
      {
        "when": "{id:'minecraft:slime',Size:17b}",
        "model": {
          "type": "minecraft:model",
          "model": "minecraft:item/slime_spawn_egg/size"
        }
      },
      {
        "when": "{id:'minecraft:slime',Size:18b}",
        "model": {
          "type": "minecraft:model",
          "model": "minecraft:item/slime_spawn_egg/size"
        }
      },
      {
        "when": "{id:'minecraft:slime',Size:19b}",
        "model": {
          "type": "minecraft:model",
          "model": "minecraft:item/slime_spawn_egg/size"
        }
      },
      {
        "when": "{id:'minecraft:slime',Size:20b}",
        "model": {
          "type": "minecraft:model",
          "model": "minecraft:item/slime_spawn_egg/size"
        }
      },
      {
        "when": "{id:'minecraft:slime',Size:21b}",
        "model": {
          "type": "minecraft:model",
          "model": "minecraft:item/slime_spawn_egg/size"
        }
      },
      {
        "when": "{id:'minecraft:slime',Size:22b}",
        "model": {
          "type": "minecraft:model",
          "model": "minecraft:item/slime_spawn_egg/size"
        }
      },
      {
        "when": "{id:'minecraft:slime',Size:23b}",
        "model": {
          "type": "minecraft:model",
          "model": "minecraft:item/slime_spawn_egg/size"
        }
      },
      {
        "when": "{id:'minecraft:slime',Size:24b}",
        "model": {
          "type": "minecraft:model",
          "model": "minecraft:item/slime_spawn_egg/size"
        }
      },
      {
        "when": "{id:'minecraft:slime',Size:25b}",
        "model": {
          "type": "minecraft:model",
          "model": "minecraft:item/slime_spawn_egg/size"
        }
      },
      {
        "when": "{id:'minecraft:slime',Size:26b}",
        "model": {
          "type": "minecraft:model",
          "model": "minecraft:item/slime_spawn_egg/size"
        }
      },
      {
        "when": "{id:'minecraft:slime',Size:27b}",
        "model": {
          "type": "minecraft:model",
          "model": "minecraft:item/slime_spawn_egg/size"
        }
      },
      {
        "when": "{id:'minecraft:slime',Size:28b}",
        "model": {
          "type": "minecraft:model",
          "model": "minecraft:item/slime_spawn_egg/size"
        }
      },
      {
        "when": "{id:'minecraft:slime',Size:29b}",
        "model": {
          "type": "minecraft:model",
          "model": "minecraft:item/slime_spawn_egg/size"
        }
      },
      {
        "when": "{id:'minecraft:slime',Size:30b}",
        "model": {
          "type": "minecraft:model",
          "model": "minecraft:item/slime_spawn_egg/size"
        }
      },
      {
        "when": "{id:'minecraft:slime',Size:31b}",
        "model": {
          "type": "minecraft:model",
          "model": "minecraft:item/slime_spawn_egg/size"
        }
      },
      {
        "when": "{id:'minecraft:slime',Size:32b}",
        "model": {
          "type": "minecraft:model",
          "model": "minecraft:item/slime_spawn_egg/size"
        }
      },
      {
        "when": "{id:'minecraft:slime',Size:33b}",
        "model": {
          "type": "minecraft:model",
          "model": "minecraft:item/slime_spawn_egg/size"
        }
      },
      {
        "when": "{id:'minecraft:slime',Size:34b}",
        "model": {
          "type": "minecraft:model",
          "model": "minecraft:item/slime_spawn_egg/size"
        }
      },
      {
        "when": "{id:'minecraft:slime',Size:35b}",
        "model": {
          "type": "minecraft:model",
          "model": "minecraft:item/slime_spawn_egg/size"
        }
      },
      {
        "when": "{id:'minecraft:slime',Size:36b}",
        "model": {
          "type": "minecraft:model",
          "model": "minecraft:item/slime_spawn_egg/size"
        }
      },
      {
        "when": "{id:'minecraft:slime',Size:37b}",
        "model": {
          "type": "minecraft:model",
          "model": "minecraft:item/slime_spawn_egg/size"
        }
      },
      {
        "when": "{id:'minecraft:slime',Size:38b}",
        "model": {
          "type": "minecraft:model",
          "model": "minecraft:item/slime_spawn_egg/size"
        }
      },
      {
        "when": "{id:'minecraft:slime',Size:39b}",
        "model": {
          "type": "minecraft:model",
          "model": "minecraft:item/slime_spawn_egg/size"
        }
      },
      {
        "when": "{id:'minecraft:slime',Size:40b}",
        "model": {
          "type": "minecraft:model",
          "model": "minecraft:item/slime_spawn_egg/size"
        }
      },
      {
        "when": "{id:'minecraft:slime',Size:41b}",
        "model": {
          "type": "minecraft:model",
          "model": "minecraft:item/slime_spawn_egg/size"
        }
      },
      {
        "when": "{id:'minecraft:slime',Size:42b}",
        "model": {
          "type": "minecraft:model",
          "model": "minecraft:item/slime_spawn_egg/size"
        }
      },
      {
        "when": "{id:'minecraft:slime',Size:43b}",
        "model": {
          "type": "minecraft:model",
          "model": "minecraft:item/slime_spawn_egg/size"
        }
      },
      {
        "when": "{id:'minecraft:slime',Size:44b}",
        "model": {
          "type": "minecraft:model",
          "model": "minecraft:item/slime_spawn_egg/size"
        }
      },
      {
        "when": "{id:'minecraft:slime',Size:45b}",
        "model": {
          "type": "minecraft:model",
          "model": "minecraft:item/slime_spawn_egg/size"
        }
      },
      {
        "when": "{id:'minecraft:slime',Size:46b}",
        "model": {
          "type": "minecraft:model",
          "model": "minecraft:item/slime_spawn_egg/size"
        }
      },
      {
        "when": "{id:'minecraft:slime',Size:47b}",
        "model": {
          "type": "minecraft:model",
          "model": "minecraft:item/slime_spawn_egg/size"
        }
      },
      {
        "when": "{id:'minecraft:slime',Size:48b}",
        "model": {
          "type": "minecraft:model",
          "model": "minecraft:item/slime_spawn_egg/size"
        }
      },
      {
        "when": "{id:'minecraft:slime',Size:49b}",
        "model": {
          "type": "minecraft:model",
          "model": "minecraft:item/slime_spawn_egg/size"
        }
      },
      {
        "when": "{id:'minecraft:slime',Size:50b}",
        "model": {
          "type": "minecraft:model",
          "model": "minecraft:item/slime_spawn_egg/size"
        }
      },
      {
        "when": "{id:'minecraft:slime',Size:51b}",
        "model": {
          "type": "minecraft:model",
          "model": "minecraft:item/slime_spawn_egg/size"
        }
      },
      {
        "when": "{id:'minecraft:slime',Size:52b}",
        "model": {
          "type": "minecraft:model",
          "model": "minecraft:item/slime_spawn_egg/size"
        }
      },
      {
        "when": "{id:'minecraft:slime',Size:53b}",
        "model": {
          "type": "minecraft:model",
          "model": "minecraft:item/slime_spawn_egg/size"
        }
      },
      {
        "when": "{id:'minecraft:slime',Size:54b}",
        "model": {
          "type": "minecraft:model",
          "model": "minecraft:item/slime_spawn_egg/size"
        }
      },
      {
        "when": "{id:'minecraft:slime',Size:55b}",
        "model": {
          "type": "minecraft:model",
          "model": "minecraft:item/slime_spawn_egg/size"
        }
      },
      {
        "when": "{id:'minecraft:slime',Size:56b}",
        "model": {
          "type": "minecraft:model",
          "model": "minecraft:item/slime_spawn_egg/size"
        }
      },
      {
        "when": "{id:'minecraft:slime',Size:57b}",
        "model": {
          "type": "minecraft:model",
          "model": "minecraft:item/slime_spawn_egg/size"
        }
      },
      {
        "when": "{id:'minecraft:slime',Size:58b}",
        "model": {
          "type": "minecraft:model",
          "model": "minecraft:item/slime_spawn_egg/size"
        }
      },
      {
        "when": "{id:'minecraft:slime',Size:59b}",
        "model": {
          "type": "minecraft:model",
          "model": "minecraft:item/slime_spawn_egg/size"
        }
      },
      {
        "when": "{id:'minecraft:slime',Size:60b}",
        "model": {
          "type": "minecraft:model",
          "model": "minecraft:item/slime_spawn_egg/size"
        }
      },
      {
        "when": "{id:'minecraft:slime',Size:61b}",
        "model": {
          "type": "minecraft:model",
          "model": "minecraft:item/slime_spawn_egg/size"
        }
      },
      {
        "when": "{id:'minecraft:slime',Size:62b}",
        "model": {
          "type": "minecraft:model",
          "model": "minecraft:item/slime_spawn_egg/size"
        }
      },
      {
        "when": "{id:'minecraft:slime',Size:63b}",
        "model": {
          "type": "minecraft:model",
          "model": "minecraft:item/slime_spawn_egg/size"
        }
      },
      {
        "when": "{id:'minecraft:slime',Size:64b}",
        "model": {
          "type": "minecraft:model",
          "model": "minecraft:item/slime_spawn_egg/size"
        }
      },
      {
        "when": "{id:'minecraft:slime',Size:65b}",
        "model": {
          "type": "minecraft:model",
          "model": "minecraft:item/slime_spawn_egg/size"
        }
      },
      {
        "when": "{id:'minecraft:slime',Size:66b}",
        "model": {
          "type": "minecraft:model",
          "model": "minecraft:item/slime_spawn_egg/size"
        }
      },
      {
        "when": "{id:'minecraft:slime',Size:67b}",
        "model": {
          "type": "minecraft:model",
          "model": "minecraft:item/slime_spawn_egg/size"
        }
      },
      {
        "when": "{id:'minecraft:slime',Size:68b}",
        "model": {
          "type": "minecraft:model",
          "model": "minecraft:item/slime_spawn_egg/size"
        }
      },
      {
        "when": "{id:'minecraft:slime',Size:69b}",
        "model": {
          "type": "minecraft:model",
          "model": "minecraft:item/slime_spawn_egg/size"
        }
      },
      {
        "when": "{id:'minecraft:slime',Size:70b}",
        "model": {
          "type": "minecraft:model",
          "model": "minecraft:item/slime_spawn_egg/size"
        }
      },
      {
        "when": "{id:'minecraft:slime',Size:71b}",
        "model": {
          "type": "minecraft:model",
          "model": "minecraft:item/slime_spawn_egg/size"
        }
      },
      {
        "when": "{id:'minecraft:slime',Size:72b}",
        "model": {
          "type": "minecraft:model",
          "model": "minecraft:item/slime_spawn_egg/size"
        }
      },
      {
        "when": "{id:'minecraft:slime',Size:73b}",
        "model": {
          "type": "minecraft:model",
          "model": "minecraft:item/slime_spawn_egg/size"
        }
      },
      {
        "when": "{id:'minecraft:slime',Size:74b}",
        "model": {
          "type": "minecraft:model",
          "model": "minecraft:item/slime_spawn_egg/size"
        }
      },
      {
        "when": "{id:'minecraft:slime',Size:75b}",
        "model": {
          "type": "minecraft:model",
          "model": "minecraft:item/slime_spawn_egg/size"
        }
      },
      {
        "when": "{id:'minecraft:slime',Size:76b}",
        "model": {
          "type": "minecraft:model",
          "model": "minecraft:item/slime_spawn_egg/size"
        }
      },
      {
        "when": "{id:'minecraft:slime',Size:77b}",
        "model": {
          "type": "minecraft:model",
          "model": "minecraft:item/slime_spawn_egg/size"
        }
      },
      {
        "when": "{id:'minecraft:slime',Size:78b}",
        "model": {
          "type": "minecraft:model",
          "model": "minecraft:item/slime_spawn_egg/size"
        }
      },
      {
        "when": "{id:'minecraft:slime',Size:79b}",
        "model": {
          "type": "minecraft:model",
          "model": "minecraft:item/slime_spawn_egg/size"
        }
      },
      {
        "when": "{id:'minecraft:slime',Size:80b}",
        "model": {
          "type": "minecraft:model",
          "model": "minecraft:item/slime_spawn_egg/size"
        }
      },
      {
        "when": "{id:'minecraft:slime',Size:81b}",
        "model": {
          "type": "minecraft:model",
          "model": "minecraft:item/slime_spawn_egg/size"
        }
      },
      {
        "when": "{id:'minecraft:slime',Size:82b}",
        "model": {
          "type": "minecraft:model",
          "model": "minecraft:item/slime_spawn_egg/size"
        }
      },
      {
        "when": "{id:'minecraft:slime',Size:83b}",
        "model": {
          "type": "minecraft:model",
          "model": "minecraft:item/slime_spawn_egg/size"
        }
      },
      {
        "when": "{id:'minecraft:slime',Size:84b}",
        "model": {
          "type": "minecraft:model",
          "model": "minecraft:item/slime_spawn_egg/size"
        }
      },
      {
        "when": "{id:'minecraft:slime',Size:85b}",
        "model": {
          "type": "minecraft:model",
          "model": "minecraft:item/slime_spawn_egg/size"
        }
      },
      {
        "when": "{id:'minecraft:slime',Size:86b}",
        "model": {
          "type": "minecraft:model",
          "model": "minecraft:item/slime_spawn_egg/size"
        }
      },
      {
        "when": "{id:'minecraft:slime',Size:87b}",
        "model": {
          "type": "minecraft:model",
          "model": "minecraft:item/slime_spawn_egg/size"
        }
      },
      {
        "when": "{id:'minecraft:slime',Size:88b}",
        "model": {
          "type": "minecraft:model",
          "model": "minecraft:item/slime_spawn_egg/size"
        }
      },
      {
        "when": "{id:'minecraft:slime',Size:89b}",
        "model": {
          "type": "minecraft:model",
          "model": "minecraft:item/slime_spawn_egg/size"
        }
      },
      {
        "when": "{id:'minecraft:slime',Size:90b}",
        "model": {
          "type": "minecraft:model",
          "model": "minecraft:item/slime_spawn_egg/size"
        }
      },
      {
        "when": "{id:'minecraft:slime',Size:91b}",
        "model": {
          "type": "minecraft:model",
          "model": "minecraft:item/slime_spawn_egg/size"
        }
      },
      {
        "when": "{id:'minecraft:slime',Size:92b}",
        "model": {
          "type": "minecraft:model",
          "model": "minecraft:item/slime_spawn_egg/size"
        }
      },
      {
        "when": "{id:'minecraft:slime',Size:93b}",
        "model": {
          "type": "minecraft:model",
          "model": "minecraft:item/slime_spawn_egg/size"
        }
      },
      {
        "when": "{id:'minecraft:slime',Size:94b}",
        "model": {
          "type": "minecraft:model",
          "model": "minecraft:item/slime_spawn_egg/size"
        }
      },
      {
        "when": "{id:'minecraft:slime',Size:95b}",
        "model": {
          "type": "minecraft:model",
          "model": "minecraft:item/slime_spawn_egg/size"
        }
      },
      {
        "when": "{id:'minecraft:slime',Size:96b}",
        "model": {
          "type": "minecraft:model",
          "model": "minecraft:item/slime_spawn_egg/size"
        }
      },
      {
        "when": "{id:'minecraft:slime',Size:97b}",
        "model": {
          "type": "minecraft:model",
          "model": "minecraft:item/slime_spawn_egg/size"
        }
      },
      {
        "when": "{id:'minecraft:slime',Size:98b}",
        "model": {
          "type": "minecraft:model",
          "model": "minecraft:item/slime_spawn_egg/size"
        }
      },
      {
        "when": "{id:'minecraft:slime',Size:99b}",
        "model": {
          "type": "minecraft:model",
          "model": "minecraft:item/slime_spawn_egg/size"
        }
      },
      {
        "when": "{id:'minecraft:slime',Size:100b}",
        "model": {
          "type": "minecraft:model",
          "model": "minecraft:item/slime_spawn_egg/size"
        }
      },
      {
        "when": "{id:'minecraft:slime',Size:101b}",
        "model": {
          "type": "minecraft:model",
          "model": "minecraft:item/slime_spawn_egg/size"
        }
      },
      {
        "when": "{id:'minecraft:slime',Size:102b}",
        "model": {
          "type": "minecraft:model",
          "model": "minecraft:item/slime_spawn_egg/size"
        }
      },
      {
        "when": "{id:'minecraft:slime',Size:103b}",
        "model": {
          "type": "minecraft:model",
          "model": "minecraft:item/slime_spawn_egg/size"
        }
      },
      {
        "when": "{id:'minecraft:slime',Size:104b}",
        "model": {
          "type": "minecraft:model",
          "model": "minecraft:item/slime_spawn_egg/size"
        }
      },
      {
        "when": "{id:'minecraft:slime',Size:105b}",
        "model": {
          "type": "minecraft:model",
          "model": "minecraft:item/slime_spawn_egg/size"
        }
      },
      {
        "when": "{id:'minecraft:slime',Size:106b}",
        "model": {
          "type": "minecraft:model",
          "model": "minecraft:item/slime_spawn_egg/size"
        }
      },
      {
        "when": "{id:'minecraft:slime',Size:107b}",
        "model": {
          "type": "minecraft:model",
          "model": "minecraft:item/slime_spawn_egg/size"
        }
      },
      {
        "when": "{id:'minecraft:slime',Size:108b}",
        "model": {
          "type": "minecraft:model",
          "model": "minecraft:item/slime_spawn_egg/size"
        }
      },
      {
        "when": "{id:'minecraft:slime',Size:109b}",
        "model": {
          "type": "minecraft:model",
          "model": "minecraft:item/slime_spawn_egg/size"
        }
      },
      {
        "when": "{id:'minecraft:slime',Size:110b}",
        "model": {
          "type": "minecraft:model",
          "model": "minecraft:item/slime_spawn_egg/size"
        }
      },
      {
        "when": "{id:'minecraft:slime',Size:111b}",
        "model": {
          "type": "minecraft:model",
          "model": "minecraft:item/slime_spawn_egg/size"
        }
      },
      {
        "when": "{id:'minecraft:slime',Size:112b}",
        "model": {
          "type": "minecraft:model",
          "model": "minecraft:item/slime_spawn_egg/size"
        }
      },
      {
        "when": "{id:'minecraft:slime',Size:113b}",
        "model": {
          "type": "minecraft:model",
          "model": "minecraft:item/slime_spawn_egg/size"
        }
      },
      {
        "when": "{id:'minecraft:slime',Size:114b}",
        "model": {
          "type": "minecraft:model",
          "model": "minecraft:item/slime_spawn_egg/size"
        }
      },
      {
        "when": "{id:'minecraft:slime',Size:115b}",
        "model": {
          "type": "minecraft:model",
          "model": "minecraft:item/slime_spawn_egg/size"
        }
      },
      {
        "when": "{id:'minecraft:slime',Size:116b}",
        "model": {
          "type": "minecraft:model",
          "model": "minecraft:item/slime_spawn_egg/size"
        }
      },
      {
        "when": "{id:'minecraft:slime',Size:117b}",
        "model": {
          "type": "minecraft:model",
          "model": "minecraft:item/slime_spawn_egg/size"
        }
      },
      {
        "when": "{id:'minecraft:slime',Size:118b}",
        "model": {
          "type": "minecraft:model",
          "model": "minecraft:item/slime_spawn_egg/size"
        }
      },
      {
        "when": "{id:'minecraft:slime',Size:119b}",
        "model": {
          "type": "minecraft:model",
          "model": "minecraft:item/slime_spawn_egg/size"
        }
      },
      {
        "when": "{id:'minecraft:slime',Size:120b}",
        "model": {
          "type": "minecraft:model",
          "model": "minecraft:item/slime_spawn_egg/size"
        }
      },
      {
        "when": "{id:'minecraft:slime',Size:121b}",
        "model": {
          "type": "minecraft:model",
          "model": "minecraft:item/slime_spawn_egg/size"
        }
      },
      {
        "when": "{id:'minecraft:slime',Size:122b}",
        "model": {
          "type": "minecraft:model",
          "model": "minecraft:item/slime_spawn_egg/size"
        }
      },
      {
        "when": "{id:'minecraft:slime',Size:123b}",
        "model": {
          "type": "minecraft:model",
          "model": "minecraft:item/slime_spawn_egg/size"
        }
      },
      {
        "when": "{id:'minecraft:slime',Size:124b}",
        "model": {
          "type": "minecraft:model",
          "model": "minecraft:item/slime_spawn_egg/size"
        }
      },
      {
        "when": "{id:'minecraft:slime',Size:125b}",
        "model": {
          "type": "minecraft:model",
          "model": "minecraft:item/slime_spawn_egg/size"
        }
      },
      {
        "when": "{id:'minecraft:slime',Size:126b}",
        "model": {
          "type": "minecraft:model",
          "model": "minecraft:item/slime_spawn_egg/size"
        }
      }
    ],
    "fallback": {
      "type": "minecraft:condition",
      "property": "minecraft:extended_view",
      "on_true": {
        "type": "minecraft:model",
        "model": "minecraft:item/slime_spawn_egg_extended"
      },
      "on_false": {
        "type": "minecraft:model",
        "model": "minecraft:item/slime_spawn_egg"
      }
    }
  }
}
