{
  "sources": [
    {
      "type": "directory",
      "source": "block_particle",
      "prefix": "block_particle/"
    },
    {
      "type": "directory",
      "source": "item_particle",
      "prefix": "item_particle/"
    },
    {
      "type": "paletted_permutations",
      "textures": [
        "trims/items/boots_trim/bolt",
        "trims/items/boots_trim/coast",
        "trims/items/boots_trim/shaper",
        "trims/items/boots_trim/rib",
        "trims/items/boots_trim/eye",
        "trims/items/boots_trim/flow",
        "trims/items/boots_trim/snout",
        "trims/items/boots_trim/tide",
        "trims/items/boots_trim/dune",
        "trims/items/boots_trim/spire",
        "trims/items/boots_trim/wild",
        "trims/items/boots_trim/host",
        "trims/items/boots_trim/sentry",
        "trims/items/boots_trim/wayfinder",
        "trims/items/boots_trim/vex",
        "trims/items/boots_trim/raiser",
        "trims/items/boots_trim/netherite/bolt",
        "trims/items/boots_trim/netherite/coast",
        "trims/items/boots_trim/netherite/shaper",
        "trims/items/boots_trim/netherite/rib",
        "trims/items/boots_trim/netherite/eye",
        "trims/items/boots_trim/netherite/flow",
        "trims/items/boots_trim/netherite/snout",
        "trims/items/boots_trim/netherite/tide",
        "trims/items/boots_trim/netherite/dune",
        "trims/items/boots_trim/netherite/spire",
        "trims/items/boots_trim/netherite/wild",
        "trims/items/boots_trim/netherite/host",
        "trims/items/boots_trim/netherite/sentry",
        "trims/items/boots_trim/netherite/wayfinder",
        "trims/items/boots_trim/netherite/vex",
        "trims/items/boots_trim/netherite/raiser",
        "trims/items/boots_trim/netherite/silence",
        "trims/items/boots_trim/netherite/ward",
        "trims/items/boots_trim/silence",
        "trims/items/boots_trim/ward",
        "trims/items/chestplate_trim/bolt",
        "trims/items/chestplate_trim/coast",
        "trims/items/chestplate_trim/shaper",
        "trims/items/chestplate_trim/rib",
        "trims/items/chestplate_trim/eye",
        "trims/items/chestplate_trim/flow",
        "trims/items/chestplate_trim/snout",
        "trims/items/chestplate_trim/tide",
        "trims/items/chestplate_trim/dune",
        "trims/items/chestplate_trim/spire",
        "trims/items/chestplate_trim/wild",
        "trims/items/chestplate_trim/host",
        "trims/items/chestplate_trim/sentry",
        "trims/items/chestplate_trim/wayfinder",
        "trims/items/chestplate_trim/vex",
        "trims/items/chestplate_trim/raiser",
        "trims/items/chestplate_trim/silence",
        "trims/items/chestplate_trim/ward",
        "trims/items/helmet_trim/bolt",
        "trims/items/helmet_trim/coast",
        "trims/items/helmet_trim/shaper",
        "trims/items/helmet_trim/rib",
        "trims/items/helmet_trim/eye",
        "trims/items/helmet_trim/flow",
        "trims/items/helmet_trim/snout",
        "trims/items/helmet_trim/tide",
        "trims/items/helmet_trim/turtle/bolt",
        "trims/items/helmet_trim/turtle/coast",
        "trims/items/helmet_trim/turtle/shaper",
        "trims/items/helmet_trim/turtle/rib",
        "trims/items/helmet_trim/turtle/eye",
        "trims/items/helmet_trim/turtle/flow",
        "trims/items/helmet_trim/turtle/snout",
        "trims/items/helmet_trim/turtle/tide",
        "trims/items/helmet_trim/turtle/dune",
        "trims/items/helmet_trim/turtle/spire",
        "trims/items/helmet_trim/turtle/wild",
        "trims/items/helmet_trim/turtle/host",
        "trims/items/helmet_trim/turtle/sentry",
        "trims/items/helmet_trim/turtle/wayfinder",
        "trims/items/helmet_trim/turtle/vex",
        "trims/items/helmet_trim/turtle/raiser",
        "trims/items/helmet_trim/turtle/silence",
        "trims/items/helmet_trim/turtle/ward",
        "trims/items/helmet_trim/dune",
        "trims/items/helmet_trim/spire",
        "trims/items/helmet_trim/wild",
        "trims/items/helmet_trim/host",
        "trims/items/helmet_trim/sentry",
        "trims/items/helmet_trim/wayfinder",
        "trims/items/helmet_trim/vex",
        "trims/items/helmet_trim/raiser",
        "trims/items/helmet_trim/silence",
        "trims/items/helmet_trim/ward",
        "trims/items/leggings_trim/bolt",
        "trims/items/leggings_trim/coast",
        "trims/items/leggings_trim/shaper",
        "trims/items/leggings_trim/rib",
        "trims/items/leggings_trim/eye",
        "trims/items/leggings_trim/flow",
        "trims/items/leggings_trim/snout",
        "trims/items/leggings_trim/tide",
        "trims/items/leggings_trim/dune",
        "trims/items/leggings_trim/spire",
        "trims/items/leggings_trim/wild",
        "trims/items/leggings_trim/host",
        "trims/items/leggings_trim/sentry",
        "trims/items/leggings_trim/wayfinder",
        "trims/items/leggings_trim/vex",
        "trims/items/leggings_trim/raiser",
        "trims/items/leggings_trim/silence",
        "trims/items/leggings_trim/ward"
      ],
      "palette_key": "trims/color_palettes/trim_palette",
      "permutations": {
        "quartz": "trims/color_palettes/quartz",
        "iron": "trims/color_palettes/iron",
        "gold": "trims/color_palettes/gold",
        "diamond": "trims/color_palettes/diamond",
        "netherite": "trims/color_palettes/netherite",
        "redstone": "trims/color_palettes/redstone",
        "copper": "trims/color_palettes/copper",
        "emerald": "trims/color_palettes/emerald",
        "lapis": "trims/color_palettes/lapis",
        "amethyst": "trims/color_palettes/amethyst",
        "resin": "trims/color_palettes/resin",
        "iron_darker": "trims/color_palettes/iron_darker",
        "gold_darker": "trims/color_palettes/gold_darker",
        "diamond_darker": "trims/color_palettes/diamond_darker",
        "netherite_darker": "trims/color_palettes/netherite_darker"
      }
    },
    {
      "type": "paletted_permutations",
      "textures": [
        "paletted_permutations/items/tropical_fish_bucket/base/flopper",
        "paletted_permutations/items/tropical_fish_bucket/base/stripey",
        "paletted_permutations/items/tropical_fish_bucket/base/glitter",
        "paletted_permutations/items/tropical_fish_bucket/base/blockfish",
        "paletted_permutations/items/tropical_fish_bucket/base/betty",
        "paletted_permutations/items/tropical_fish_bucket/base/clayfish",
        "paletted_permutations/items/tropical_fish_bucket/base/kob",
        "paletted_permutations/items/tropical_fish_bucket/base/sunstreak",
        "paletted_permutations/items/tropical_fish_bucket/base/snooper",
        "paletted_permutations/items/tropical_fish_bucket/base/dasher",
        "paletted_permutations/items/tropical_fish_bucket/base/brinely",
        "paletted_permutations/items/tropical_fish_bucket/base/spotty"
      ],
      "palette_key": "paletted_permutations/color_palettes/tropical_fish_bucket/base/palette_key",
      "permutations": {
        "white": "paletted_permutations/color_palettes/tropical_fish_bucket/base/white",
        "light_gray": "paletted_permutations/color_palettes/tropical_fish_bucket/base/light_gray",
        "gray": "paletted_permutations/color_palettes/tropical_fish_bucket/base/gray",
        "black": "paletted_permutations/color_palettes/tropical_fish_bucket/base/black",
        "brown": "paletted_permutations/color_palettes/tropical_fish_bucket/base/brown",
        "red": "paletted_permutations/color_palettes/tropical_fish_bucket/base/red",
        "orange": "paletted_permutations/color_palettes/tropical_fish_bucket/base/orange",
        "yellow": "paletted_permutations/color_palettes/tropical_fish_bucket/base/yellow",
        "lime": "paletted_permutations/color_palettes/tropical_fish_bucket/base/lime",
        "green": "paletted_permutations/color_palettes/tropical_fish_bucket/base/green",
        "cyan": "paletted_permutations/color_palettes/tropical_fish_bucket/base/cyan",
        "light_blue": "paletted_permutations/color_palettes/tropical_fish_bucket/base/light_blue",
        "blue": "paletted_permutations/color_palettes/tropical_fish_bucket/base/blue",
        "purple": "paletted_permutations/color_palettes/tropical_fish_bucket/base/purple",
        "magenta": "paletted_permutations/color_palettes/tropical_fish_bucket/base/magenta",
        "pink": "paletted_permutations/color_palettes/tropical_fish_bucket/base/pink"
      }
    },
    {
      "type": "paletted_permutations",
      "textures": [
        "paletted_permutations/items/tropical_fish_bucket/pattern/flopper",
        "paletted_permutations/items/tropical_fish_bucket/pattern/stripey",
        "paletted_permutations/items/tropical_fish_bucket/pattern/glitter",
        "paletted_permutations/items/tropical_fish_bucket/pattern/blockfish",
        "paletted_permutations/items/tropical_fish_bucket/pattern/betty",
        "paletted_permutations/items/tropical_fish_bucket/pattern/clayfish",
        "paletted_permutations/items/tropical_fish_bucket/pattern/kob",
        "paletted_permutations/items/tropical_fish_bucket/pattern/sunstreak",
        "paletted_permutations/items/tropical_fish_bucket/pattern/snooper",
        "paletted_permutations/items/tropical_fish_bucket/pattern/dasher",
        "paletted_permutations/items/tropical_fish_bucket/pattern/brinely",
        "paletted_permutations/items/tropical_fish_bucket/pattern/spotty"
      ],
      "palette_key": "paletted_permutations/color_palettes/tropical_fish_bucket/pattern/palette_key",
      "permutations": {
        "white": "paletted_permutations/color_palettes/tropical_fish_bucket/pattern/white",
        "light_gray": "paletted_permutations/color_palettes/tropical_fish_bucket/pattern/light_gray",
        "gray": "paletted_permutations/color_palettes/tropical_fish_bucket/pattern/gray",
        "black": "paletted_permutations/color_palettes/tropical_fish_bucket/pattern/black",
        "brown": "paletted_permutations/color_palettes/tropical_fish_bucket/pattern/brown",
        "red": "paletted_permutations/color_palettes/tropical_fish_bucket/pattern/red",
        "orange": "paletted_permutations/color_palettes/tropical_fish_bucket/pattern/orange",
        "yellow": "paletted_permutations/color_palettes/tropical_fish_bucket/pattern/yellow",
        "lime": "paletted_permutations/color_palettes/tropical_fish_bucket/pattern/lime",
        "green": "paletted_permutations/color_palettes/tropical_fish_bucket/pattern/green",
        "cyan": "paletted_permutations/color_palettes/tropical_fish_bucket/pattern/cyan",
        "light_blue": "paletted_permutations/color_palettes/tropical_fish_bucket/pattern/light_blue",
        "blue": "paletted_permutations/color_palettes/tropical_fish_bucket/pattern/blue",
        "purple": "paletted_permutations/color_palettes/tropical_fish_bucket/pattern/purple",
        "magenta": "paletted_permutations/color_palettes/tropical_fish_bucket/pattern/magenta",
        "pink": "paletted_permutations/color_palettes/tropical_fish_bucket/pattern/pink"
      }
    },
    {
      "type": "single",
      "resource": "minecraft:trim_preview/bolt_cycle"
    },
    {
      "type": "single",
      "resource": "minecraft:trim_preview/coast_cycle"
    },
    {
      "type": "single",
      "resource": "minecraft:trim_preview/dune_cycle"
    },
    {
      "type": "single",
      "resource": "minecraft:trim_preview/eye_cycle"
    },
    {
      "type": "single",
      "resource": "minecraft:trim_preview/flow_cycle"
    },
    {
      "type": "single",
      "resource": "minecraft:trim_preview/host_cycle"
    },
    {
      "type": "single",
      "resource": "minecraft:trim_preview/raiser_cycle"
    },
    {
      "type": "single",
      "resource": "minecraft:trim_preview/rib_cycle"
    },
    {
      "type": "single",
      "resource": "minecraft:trim_preview/sentry_cycle"
    },
    {
      "type": "single",
      "resource": "minecraft:trim_preview/shaper_cycle"
    },
    {
      "type": "single",
      "resource": "minecraft:trim_preview/silence_cycle"
    },
    {
      "type": "single",
      "resource": "minecraft:trim_preview/snout_cycle"
    },
    {
      "type": "single",
      "resource": "minecraft:trim_preview/spire_cycle"
    },
    {
      "type": "single",
      "resource": "minecraft:trim_preview/tide_cycle"
    },
    {
      "type": "single",
      "resource": "minecraft:trim_preview/vex_cycle"
    },
    {
      "type": "single",
      "resource": "minecraft:trim_preview/ward_cycle"
    },
    {
      "type": "single",
      "resource": "minecraft:trim_preview/wayfinder_cycle"
    },
    {
      "type": "single",
      "resource": "minecraft:trim_preview/wild_cycle"
    }
  ]
}